{
    "ALGO/USDT": {
        "type": "SHORT",
        "entry_price": 0.3076,
        "sl": 0.30996671948527244,
        "tp1": 0.30523328051472753,
        "tp2": 0.30369528051472755,
        "tp3": 0.30215728051472757,
        "status": "tp2_hit"
    },
    "SOL/USDT": {
        "type": "SHORT",
        "entry_price": 179.77,
        "sl": 180.66885000000002,
        "tp1": 178.87115,
        "tp2": 177.9723,
        "tp3": 177.07344999999998,
        "status": "active"
    },
    "XRP/USDT": {
        "type": "SHORT",
        "entry_price": 3.4862,
        "sl": 3.5116240738179707,
        "tp1": 3.4607759261820297,
        "tp2": 3.4433449261820295,
        "tp3": 3.4259139261820293,
        "status": "active"
    }
}