{
    "OP/USDT": {
        "type": "SHORT",
        "entry_price": 0.7794,
        "sl": 0.789619769474238,
        "tp1": 0.769180230525762,
        "tp2": 0.764070345788643,
        "tp3": 0.7448789964343961,
        "status": "tp2_hit"
    },
    "DOGE/USDT": {
        "type": "SHORT",
        "entry_price": 0.24136,
        "sl": 0.24392814745779798,
        "tp1": 0.238791852542202,
        "tp2": 0.237507778813303,
        "tp3": 0.23622370508440402,
        "status": "tp1_hit"
    },
    "SOL/USDT": {
        "type": "LONG",
        "entry_price": 179.56,
        "sl": 178.5794635011718,
        "tp1": 180.5405364988282,
        "tp2": 181.4383364988282,
        "tp3": 182.33613649882818,
        "status": "active"
    },
    "MEME/USDT": {
        "type": "LONG",
        "entry_price": 0.002061,
        "sl": 0.0020409233669296868,
        "tp1": 0.002081076633070313,
        "tp2": 0.002091381633070313,
        "tp3": 0.002101686633070313,
        "status": "active"
    },
    "ALGO/USDT": {
        "type": "SHORT",
        "entry_price": 0.3076,
        "sl": 0.30996671948527244,
        "tp1": 0.30523328051472753,
        "tp2": 0.30369528051472755,
        "tp3": 0.30215728051472757,
        "status": "active"
    },
    "LINK/USDT": {
        "type": "LONG",
        "entry_price": 18.422,
        "sl": 18.306302363924015,
        "tp1": 18.537697636075986,
        "tp2": 18.629807636075988,
        "tp3": 18.72191763607599,
        "status": "tp1_hit"
    },
    "LDO/USDT": {
        "type": "LONG",
        "entry_price": 1.076,
        "sl": 1.064453856256632,
        "tp1": 1.0875461437433682,
        "tp2": 1.0933192156150522,
        "tp3": 1.0990922874867362,
        "status": "active"
    },
    "XRP/USDT": {
        "type": "LONG",
        "entry_price": 3.4674,
        "sl": 3.4407491459597166,
        "tp1": 3.4940508540402835,
        "tp2": 3.5113878540402834,
        "tp3": 3.5287248540402834,
        "status": "active"
    },
    "WIF/USDT": {
        "type": "LONG",
        "entry_price": 1.0837,
        "sl": 1.0735980464573152,
        "tp1": 1.093801953542685,
        "tp2": 1.099220453542685,
        "tp3": 1.104638953542685,
        "status": "active"
    }
}