{
    "CAKE/USDT": {
        "type": "LONG",
        "entry_price": 2.4411,
        "sl": 2.4288945,
        "tp1": 2.4533055,
        "tp2": 2.4572773381418127,
        "tp3": 2.4612491762836255,
        "status": "active"
    },
    "ETH/USDT": {
        "type": "LONG",
        "entry_price": 3158.74,
        "sl": 3142.9462999999996,
        "tp1": 3174.5337,
        "tp2": 3181.3719220448456,
        "tp3": 3188.2101440896913,
        "status": "active"
    },
    "MEME/USDT": {
        "type": "LONG",
        "entry_price": 0.001889,
        "sl": 0.0018749176157106715,
        "tp1": 0.0019030823842893286,
        "tp2": 0.0019101235764339929,
        "tp3": 0.0019171647685786572,
        "status": "active"
    },
    "DOGE/USDT": {
        "type": "LONG",
        "entry_price": 0.19924,
        "sl": 0.1982438,
        "tp1": 0.2002362,
        "tp2": 0.2007163519572532,
        "tp3": 0.2011965039145064,
        "status": "active"
    },
    "XRP/USDT": {
        "type": "LONG",
        "entry_price": 2.9347,
        "sl": 2.9496684373499997,
        "tp1": 2.9493734999999996,
        "tp2": 2.9542755130334872,
        "tp3": 2.959177526066975,
        "status": "tp2_hit"
    },
    "ZRX/USDT": {
        "type": "LONG",
        "entry_price": 0.2694,
        "sl": 0.268053,
        "tp1": 0.27074699999999996,
        "tp2": 0.2711798803079066,
        "tp3": 0.2716127606158132,
        "status": "active"
    },
    "WIF/USDT": {
        "type": "SHORT",
        "entry_price": 1.081,
        "sl": 1.0890337152256153,
        "tp1": 1.0729662847743846,
        "tp2": 1.0704,
        "tp3": 1.0702,
        "status": "active"
    },
    "OP/USDT": {
        "type": "SHORT",
        "entry_price": 0.7094,
        "sl": 0.7155795063950601,
        "tp1": 0.70322049360494,
        "tp2": 0.70013074040741,
        "tp3": 0.69704098720988,
        "status": "active"
    },
    "LDO/USDT": {
        "type": "SHORT",
        "entry_price": 0.9157,
        "sl": 0.9224916010442933,
        "tp1": 0.9089083989557066,
        "tp2": 0.9055125984335599,
        "tp3": 0.9021167979114132,
        "status": "active"
    }
}