{
    "ZRX/USDT": {
        "type": "LONG",
        "entry_price": 0.2698,
        "sl": 0.26791381517438245,
        "tp1": 0.2716861848256175,
        "tp2": 0.2730351848256175,
        "tp3": 0.2743841848256175,
        "status": "tp2_hit"
    },
    "LDO/USDT": {
        "type": "LONG",
        "entry_price": 0.9403,
        "sl": 0.9307950962486231,
        "tp1": 0.9498049037513769,
        "tp2": 0.9545573556270653,
        "tp3": 0.9593098075027537,
        "status": "tp1_hit"
    },
    "WIF/USDT": {
        "type": "LONG",
        "entry_price": 1.0815,
        "sl": 1.0713447510196317,
        "tp1": 1.0916552489803681,
        "tp2": 1.0970627489803682,
        "tp3": 1.1024702489803682,
        "status": "active"
    },
    "DOGE/USDT": {
        "type": "SHORT",
        "entry_price": 0.2126,
        "sl": 0.21385849291892495,
        "tp1": 0.21134150708107508,
        "tp2": 0.21027850708107507,
        "tp3": 0.20921550708107506,
        "status": "active"
    },
    "CAKE/USDT": {
        "type": "SHORT",
        "entry_price": 2.5572,
        "sl": 2.5766914365645506,
        "tp1": 2.5377085634354493,
        "tp2": 2.524922563435449,
        "tp3": 2.512136563435449,
        "status": "active"
    },
    "MEME/USDT": {
        "type": "SHORT",
        "entry_price": 0.002039,
        "sl": 0.0020635235405166573,
        "tp1": 0.0020144764594833427,
        "tp2": 0.0020022146892250143,
        "tp3": 0.001989952918966686,
        "status": "active"
    },
    "POPCAT/USDT": {
        "type": "LONG",
        "entry_price": 0.4127,
        "sl": 0.4071712604977308,
        "tp1": 0.41822873950226924,
        "tp2": 0.42099310925340383,
        "tp3": 0.4237574790045384,
        "status": "active"
    }
}