{
    "POPCAT/USDT": {
        "type": "LONG",
        "entry_price": 0.4127,
        "sl": 0.4071712604977308,
        "tp1": 0.41822873950226924,
        "tp2": 0.42099310925340383,
        "tp3": 0.4237574790045384,
        "status": "tp2_hit"
    },
    "MEME/USDT": {
        "type": "SHORT",
        "entry_price": 0.002062,
        "sl": 0.0020874618153555206,
        "tp1": 0.0020365381846444795,
        "tp2": 0.002023807276966719,
        "tp3": 0.0020110763692889585,
        "status": "tp2_hit"
    },
    "DOGE/USDT": {
        "type": "SHORT",
        "entry_price": 0.2152,
        "sl": 0.21660632224960047,
        "tp1": 0.21379367775039954,
        "tp2": 0.21271767775039954,
        "tp3": 0.21164167775039955,
        "status": "tp1_hit"
    },
    "BNB/USDT": {
        "type": "SHORT",
        "entry_price": 716.76,
        "sl": 720.3438,
        "tp1": 713.1762,
        "tp2": 709.5924,
        "tp3": 706.0086,
        "status": "active"
    },
    "ZRX/USDT": {
        "type": "SHORT",
        "entry_price": 0.2727,
        "sl": 0.2741512484011317,
        "tp1": 0.2712487515988683,
        "tp2": 0.2698852515988683,
        "tp3": 0.26852175159886826,
        "status": "tp1_hit"
    },
    "WIF/USDT": {
        "type": "SHORT",
        "entry_price": 1.0932,
        "sl": 1.1052377774163016,
        "tp1": 1.0811622225836983,
        "tp2": 1.0751433338755476,
        "tp3": 1.069124445167397,
        "status": "active"
    },
    "XRP/USDT": {
        "type": "SHORT",
        "entry_price": 3.2592,
        "sl": 3.287349022905525,
        "tp1": 3.231050977094475,
        "tp2": 3.2147549770944748,
        "tp3": 3.1984589770944747,
        "status": "active"
    },
    "SOL/USDT": {
        "type": "SHORT",
        "entry_price": 175.92,
        "sl": 176.827159877505,
        "tp1": 175.01284012249496,
        "tp2": 174.13324012249495,
        "tp3": 173.25364012249494,
        "status": "tp1_hit"
    }
}