{
    "ETH/USDT": {
        "type": "LONG",
        "entry_price": 3158.74,
        "sl": 3142.9462999999996,
        "tp1": 3174.5337,
        "tp2": 3181.3719220448456,
        "tp3": 3188.2101440896913,
        "status": "tp2_hit"
    },
    "LINK/USDT": {
        "type": "LONG",
        "entry_price": 16.433,
        "sl": 16.315827385464793,
        "tp1": 16.550172614535207,
        "tp2": 16.632337614535206,
        "tp3": 16.714502614535206,
        "status": "tp1_hit"
    },
    "MEME/USDT": {
        "type": "LONG",
        "entry_price": 0.001892,
        "sl": 0.0018787715785476377,
        "tp1": 0.0019052284214523623,
        "tp2": 0.0019146884214523623,
        "tp3": 0.0019241484214523622,
        "status": "tp2_hit"
    },
    "SOL/USDT": {
        "type": "LONG",
        "entry_price": 166.84,
        "sl": 166.0058,
        "tp1": 167.6742,
        "tp2": 168.50840000000002,
        "tp3": 169.34260000000003,
        "status": "active"
    },
    "BTC/USDT": {
        "type": "LONG",
        "entry_price": 118917.7,
        "sl": 118323.1115,
        "tp1": 119512.2885,
        "tp2": 120106.877,
        "tp3": 120701.46549999999,
        "status": "active"
    },
    "OP/USDT": {
        "type": "SHORT",
        "entry_price": 0.7131,
        "sl": 0.7189830471899401,
        "tp1": 0.7072169528100598,
        "tp2": 0.7036514528100598,
        "tp3": 0.7000859528100598,
        "status": "active"
    },
    "ZRX/USDT": {
        "type": "SHORT",
        "entry_price": 0.2676,
        "sl": 0.268938,
        "tp1": 0.266262,
        "tp2": 0.264924,
        "tp3": 0.263586,
        "status": "active"
    },
    "LDO/USDT": {
        "type": "SHORT",
        "entry_price": 0.9111,
        "sl": 0.9179850957617133,
        "tp1": 0.9042149042382868,
        "tp2": 0.8996594042382867,
        "tp3": 0.8951039042382867,
        "status": "active"
    },
    "WIF/USDT": {
        "type": "SHORT",
        "entry_price": 1.0972,
        "sl": 1.109866313730183,
        "tp1": 1.0726324942310554,
        "tp2": 1.066299337365964,
        "tp3": 1.0599661805008724,
        "status": "active"
    }
}