{
    "LDO/USDT": {
        "type": "SHORT",
        "entry_price": 1.133,
        "sl": 1.149057528390033,
        "tp1": 1.116942471609967,
        "tp2": 1.1089137074149504,
        "tp3": 1.100884943219934,
        "status": "active"
    },
    "CAKE/USDT": {
        "type": "SHORT",
        "entry_price": 2.7394,
        "sl": 2.763973435116187,
        "tp1": 2.7148265648838126,
        "tp2": 2.7011295648838125,
        "tp3": 2.6874325648838124,
        "status": "tp1_hit"
    },
    "OP/USDT": {
        "type": "SHORT",
        "entry_price": 0.7794,
        "sl": 0.789619769474238,
        "tp1": 0.769180230525762,
        "tp2": 0.764070345788643,
        "tp3": 0.7448789964343961,
        "status": "active"
    }
}