{
    "MEME/USDT": {
        "type": "LONG",
        "entry_price": 0.001892,
        "sl": 0.0018787715785476377,
        "tp1": 0.0019052284214523623,
        "tp2": 0.0019146884214523623,
        "tp3": 0.0019241484214523622,
        "status": "tp2_hit"
    },
    "SOL/USDT": {
        "type": "LONG",
        "entry_price": 166.84,
        "sl": 166.0058,
        "tp1": 167.6742,
        "tp2": 168.50840000000002,
        "tp3": 169.34260000000003,
        "status": "tp1_hit"
    },
    "WIF/USDT": {
        "type": "SHORT",
        "entry_price": 1.0972,
        "sl": 1.109866313730183,
        "tp1": 1.0726324942310554,
        "tp2": 1.066299337365964,
        "tp3": 1.0599661805008724,
        "status": "active"
    },
    "LDO/USDT": {
        "type": "LONG",
        "entry_price": 0.9172,
        "sl": 0.9087360836278687,
        "tp1": 0.9256639163721313,
        "tp2": 0.9302499163721313,
        "tp3": 0.9348359163721313,
        "status": "tp2_hit"
    },
    "CAKE/USDT": {
        "type": "LONG",
        "entry_price": 2.4681,
        "sl": 2.4530928197638104,
        "tp1": 2.48310718023619,
        "tp2": 2.49544768023619,
        "tp3": 2.50778818023619,
        "status": "active"
    },
    "ZRX/USDT": {
        "type": "LONG",
        "entry_price": 0.2698,
        "sl": 0.26791381517438245,
        "tp1": 0.2716861848256175,
        "tp2": 0.2730351848256175,
        "tp3": 0.2743841848256175,
        "status": "active"
    }
}