{
    "BNB/USDT": {
        "type": "SHORT",
        "entry_price": 681.66,
        "sl": 685.0683,
        "tp1": 678.2516999999999,
        "tp2": 677.0570081602169,
        "tp3": 675.8623163204339,
        "status": "tp1_hit"
    },
    "ETH/USDT": {
        "type": "SHORT",
        "entry_price": 3017.56,
        "sl": 3041.7248551929456,
        "tp1": 2993.3951448070543,
        "tp2": 2981.3127172105815,
        "tp3": 2969.2302896141086,
        "status": "tp2_hit"
    },
    "CAKE/USDT": {
        "type": "SHORT",
        "entry_price": 2.3742,
        "sl": 2.3904430610095213,
        "tp1": 2.357956938990479,
        "tp2": 2.3498354084857183,
        "tp3": 2.3417138779809576,
        "status": "tp1_hit"
    },
    "LINK/USDT": {
        "type": "SHORT",
        "entry_price": 15.406,
        "sl": 15.544826083524736,
        "tp1": 15.267173916475265,
        "tp2": 15.197760874712896,
        "tp3": 15.128347832950528,
        "status": "tp1_hit"
    },
    "SOL/USDT": {
        "type": "SHORT",
        "entry_price": 158.29,
        "sl": 159.64075729517248,
        "tp1": 156.9392427048275,
        "tp2": 156.26386405724128,
        "tp3": 155.58848540965505,
        "status": "active"
    },
    "WIF/USDT": {
        "type": "SHORT",
        "entry_price": 1.0015,
        "sl": 1.0211506601897686,
        "tp1": 0.9818493398102315,
        "tp2": 0.9720240097153472,
        "tp3": 0.9621986796204629,
        "status": "active"
    },
    "BTC/USDT": {
        "type": "LONG",
        "entry_price": 116178.5,
        "sl": 115517.21617555404,
        "tp1": 116897.5,
        "tp2": 116960.1,
        "tp3": 117153.6,
        "status": "active"
    }
}