ATR_14,EMA_50,EMA_200,RSI_14,MACD_12_26_9,MACDs_12_26_9,BB_middle,BB_width,VOLUME_EMA,KAMA_10_2_30,CMF_20,RVI_14,volume,label
0.502968,671.586692,668.978392,64.847390,0.223257,0.039858,671.524500,-0.004492,1459.898560,671.639435,0.198994,51.027556,2268.170000,0
0.002594,0.791726,0.781328,53.335785,0.000206,0.000210,0.792755,-0.011117,253143.287467,0.792267,0.120383,45.334635,181964.000000,1
0.002066,0.334461,0.321311,51.864188,0.000660,0.000890,0.336440,-0.024189,868455.015008,0.337058,0.166022,46.425172,438183.000000,0
0.350187,158.014547,156.728163,52.559091,0.248492,0.290286,158.423000,-0.009480,60793.692657,158.514686,0.111093,45.814132,93608.330000,1
